{
	"Version": 3,
	"Parameters": [
		{
			"Id": "Angl3X",
			"GroupId": "",
			"Name": "Angl3X"
		},
		{
			"Id": "Angl3Y",
			"GroupId": "",
			"Name": "Angl3Y"
		},
		{
			"Id": "Angl3Z",
			"GroupId": "",
			"Name": "Angl3Z"
		},
		{
			"Id": "ParamEyeLOpen",
			"GroupId": "",
			"Name": "EyeL Open"
		},
		{
			"Id": "ParamEyeLSmile",
			"GroupId": "",
			"Name": "EyeL Smile"
		},
		{
			"Id": "ParamEyeROpen",
			"GroupId": "",
			"Name": "EyeR Open"
		},
		{
			"Id": "ParamEyeRSmile",
			"GroupId": "",
			"Name": "EyeR Smile"
		},
		{
			"Id": "ParamEyeBallX",
			"GroupId": "",
			"Name": "Eyeball X"
		},
		{
			"Id": "ParamEyeBallY",
			"GroupId": "",
			"Name": "Eyeball Y"
		},
		{
			"Id": "ParamBrowLY",
			"GroupId": "",
			"Name": "BrowL Y"
		},
		{
			"Id": "ParamBrowRY",
			"GroupId": "",
			"Name": "BrowR Y"
		},
		{
			"Id": "ParamBrowLX",
			"GroupId": "",
			"Name": "BrowL X"
		},
		{
			"Id": "ParamBrowRX",
			"GroupId": "",
			"Name": "BrowR X"
		},
		{
			"Id": "ParamBrowLAngle",
			"GroupId": "",
			"Name": "BrowL Angle"
		},
		{
			"Id": "ParamBrowRAngle",
			"GroupId": "",
			"Name": "BrowR Angle"
		},
		{
			"Id": "ParamBrowLForm",
			"GroupId": "",
			"Name": "BrowL Form"
		},
		{
			"Id": "ParamBrowRForm",
			"GroupId": "",
			"Name": "BrowR Form"
		},
		{
			"Id": "ParamMouthForm",
			"GroupId": "",
			"Name": "Mouth Form"
		},
		{
			"Id": "Param19",
			"GroupId": "",
			"Name": "HairDynamic"
		},
		{
			"Id": "ParamMouthOpenY",
			"GroupId": "",
			"Name": "Mouth Open"
		},
		{
			"Id": "ParamCheek",
			"GroupId": "",
			"Name": "Cheek"
		},
		{
			"Id": "ParamBodyAngleX",
			"GroupId": "",
			"Name": "Body X"
		},
		{
			"Id": "ParamBodyAngleY",
			"GroupId": "",
			"Name": "Body Y"
		},
		{
			"Id": "ParamBodyAngleZ",
			"GroupId": "",
			"Name": "Body Z"
		},
		{
			"Id": "ParamBreath",
			"GroupId": "",
			"Name": "Breath"
		},
		{
			"Id": "ParamHairFront",
			"GroupId": "",
			"Name": "Hair Move Front"
		},
		{
			"Id": "ParamHairSide",
			"GroupId": "",
			"Name": "Hair Move Side"
		},
		{
			"Id": "ParamHairBack",
			"GroupId": "",
			"Name": "Hair Move Back"
		}
	],
	"ParameterGroups": [
		{
			"Id": "ParamGroup",
			"GroupId": "",
			"Name": "IphoneTracking"
		}
	],
	"Parts": [
		{
			"Id": "Left_Eye",
			"Name": "Left_Eye"
		},
		{
			"Id": "Right_Eye",
			"Name": "Right_Eye"
		}
	]
}